reptile_source,product_name,promotional_image,product_description,product_type,industry,ai_tag,used_model,product_display_link,product_display_qr_code,like_num,collect_num,view_num
https://ai-bot.cn/sites/5037.html,百度文库AI助手,https://ai-bot.cn/wp-content/uploads/2023/10/baidu-wenku-ai-website.png,基于文心一言的一站式智能文档助手,AI办公工具,,AI文档工具,,https://wenku.baidu.com/ndlaunch/browse/chat?utm_source=ai-bot.cn,,,,
https://ai-bot.cn/sites/5001.html,写作蛙,https://ai-bot.cn/wp-content/uploads/2023/10/littlefrog-ai-website.png,智谱AI推出的免费智能写作工具,AI写作工具,,AI写作工具,,https://littlefrog.ai/?utm_source=ai-bot.cn,,,,
https://ai-bot.cn/sites/4963.html,PromptPerfect,https://ai-bot.cn/wp-content/uploads/2023/10/promptperfect-website.png,专业的提示词优化工具，一站式开发、优化、调试和部署提示词,AI提示指令,,AI提示指令,,https://promptperfect.jinaai.cn/?utm_source=ai-bot.cn,,,,
https://ai-bot.cn/sites/4841.html,小悟空,https://ai-bot.cn/wp-content/uploads/2023/09/wukong-ai-website.png,字节跳动推出的免费AI对话助手和个人助理,AI对话工具,,AI对话工具,,https://wukong.com/tool?utm_source=ai-bot.cn,,,,
https://ai-bot.cn/sites/4808.html,Capsule,https://ai-bot.cn/wp-content/uploads/2023/09/capsule-video-website.png,AI驱动的在线视频剪辑工具，个人和小团队免费,AI视频工具,,AI视频工具,,https://capsule.video/?ref=ai-bot.cn,,,,
https://ai-bot.cn/sites/4794.html,v0.dev,https://ai-bot.cn/wp-content/uploads/2023/09/v0-dev-website.png,AI生成前端React/UI组件，由Vercel推出,AI编程工具,,AI编程工具,,https://v0.dev/?ref=ai-bot.cn,,,,
https://ai-bot.cn/sites/4749.html,秒画,https://ai-bot.cn/wp-content/uploads/2023/09/sensetime-miaohua-website.png,商汤科技推出的免费AI作画和图片生成平台,AI图像工具,,"AI图片插画生成,常用AI图像工具",,https://miaohua.sensetime.com/zh-CN,,,,
https://ai-bot.cn/sites/4655.html,应事AI,https://ai-bot.cn/wp-content/uploads/2023/09/yingshi-ai-website.png,MiniMax推出的AI对话助理，已免费开放,AI对话工具,,AI对话工具,,https://yingshi-ai.com/?utm_source=ai-bot.cn,,,,
https://ai-bot.cn/sites/4667.html,Stable Audio,https://ai-bot.cn/wp-content/uploads/2023/09/stable-audio-website.png,Stability AI最新推出的音乐生成工具,AI音频工具,,AI音频工具,,https://www.stableaudio.com/?utm_source=ai-bot.cn,,,,
https://ai-bot.cn/sites/1338.html,通义千问,https://ai-bot.cn/wp-content/uploads/2023/09/tongyi-qianwen-website.png,阿里巴巴推出的类ChatGPT响应人类指令的大模型，已免费开放,AI对话工具,,AI对话工具,,https://qianwen.aliyun.com/,,,,
https://ai-bot.cn/sites/4558.html,腾讯混元大模型,https://ai-bot.cn/wp-content/uploads/2023/09/hunyuan-llm-website.png,腾讯研发的大语言模型，具备强大的中文创作能力，复杂语境下的逻辑推理能力，以及可靠的任务执行能力,AI训练模型,,AI训练模型,,https://hunyuan.tencent.com/?utm_source=ai-bot.cn,,,,
https://ai-bot.cn/sites/4487.html,Jambot,https://ai-bot.cn/wp-content/uploads/2023/09/figjam-jambot-website.png,Figma团队推出的FigJam AI白板插件，可快速进行头脑风暴、思维导图生成等,AI办公工具,,"AI思维导图,AI设计工具",,https://www.figma.com/community/widget/1274481464484630971,,,,
https://ai-bot.cn/sites/4483.html,顽兔抠图,https://ai-bot.cn/wp-content/uploads/2023/09/d-design-ai-cutout-website.png,阿里推出的一键去除商品图背景工具,AI图像工具,,AI图片背景移除,,https://d.design/toolbox/cutout?utm_source=ai-bot.cn,,,,
https://ai-bot.cn/sites/4453.html,百川大模型,https://ai-bot.cn/wp-content/uploads/2023/08/baichuan-ai-website.png,百川智能推出的大模型助手，融合了意图理解、信息检索以及强化学习技术,AI对话工具,,AI对话工具,,https://chat.baichuan-ai.com/home?utm_source=ai-bot.cn,,,,
https://ai-bot.cn/sites/669.html,文心一言,https://ai-bot.cn/wp-content/uploads/2023/03/yiyan-baidu-website.png,百度推出的基于文心大模型的AI对话互动工具,AI对话工具,,AI对话工具,,https://yiyan.baidu.com/?utm_source=ai-bot.cn,,,,
https://ai-bot.cn/sites/4435.html,Pixso AI,https://ai-bot.cn/wp-content/uploads/2023/08/pixso-ai-design-website.jpeg,国产在线设计工具Pixso的内置AI助手，支持AI文生图、AI对话、AI设计等,AI设计工具,,AI设计工具,,https://pixso.cn/?utm_source=ai-bot.cn,,,,
https://ai-bot.cn/sites/4430.html,百度作家平台,https://ai-bot.cn/wp-content/uploads/2023/08/baidu-zuojia-website.png,百度免费AI小说写作工具,AI写作工具,,AI写作工具,,https://zuojia.baidu.com/,,,,
https://ai-bot.cn/sites/4362.html,Luca面壁露卡,https://ai-bot.cn/wp-content/uploads/2023/08/modelbest-luca-website.png,面壁智能推出的千亿多模态大模型免费智能对话助手,AI对话工具,,AI对话工具,,https://luca-beta.modelbest.cn/,,,,
https://ai-bot.cn/sites/4294.html,ElevenLabs,https://ai-bot.cn/wp-content/uploads/2023/08/elevenlabs-ai-website.png,AI文本转语音，支持包含中文在内的28种语言,AI音频工具,,AI音频工具,,https://elevenlabs.io/?utm_source=ai-bot.cn,,,,
https://ai-bot.cn/sites/4271.html,妙办AI画图工具,https://ai-bot.cn/wp-content/uploads/2023/08/miaoban-ai-flowchart-website.png,AI免费一键生成流程图、思维导图,AI办公工具,,AI思维导图,,https://imiaoban.com/ai/mind?source=35261,,,,
https://ai-bot.cn/sites/4257.html,天工AI搜索,https://ai-bot.cn/wp-content/uploads/2023/08/tiangong-ai-search-website.png,昆仑万维最新推出的结合大模型的AI搜索引擎,AI办公工具,,AI效率提升,,https://search.tiangong.cn/?utm_source=ai-bot.cn,,,,
https://ai-bot.cn/sites/4246.html,transpic,https://ai-bot.cn/wp-content/uploads/2023/08/transpic-ai-official-website.png,AI图像转绘插画创作平台,AI图像工具,,AI图片优化修复,,https://transpic.cn/?utm_source=ai-bot.cn,,,,
https://ai-bot.cn/sites/4212.html,网易AI创意工坊,https://ai-bot.cn/wp-content/uploads/2023/08/sd-study-163-ai-website.png,网易云课堂推出的AI作画平台，在线使用Stable Diffusion出图,AI图像工具,,"AI图片插画生成,常用AI图像工具",,https://ke.study.163.com/artWorks/painting?utm_source=ai-bot.cn,,,,
https://ai-bot.cn/sites/4189.html,豆包,https://ai-bot.cn/wp-content/uploads/2023/08/doubao-ai-assistant.png,字节跳动最新推出的免费AI对话助手,AI对话工具,,AI对话工具,,https://www.doubao.com/?utm_source=ai-bot.cn,,,,
https://ai-bot.cn/sites/4177.html,图查查,https://ai-bot.cn/wp-content/uploads/2023/08/chacha-so-website.jpeg,360推出的AI作图平台，提供智能抠图、智能消除、智能放大、智能配图等功能,AI图像工具,,常用AI图像工具,,https://chacha.so.com/home?utm_source=ai-bot.cn,,,,
https://ai-bot.cn/sites/4099.html,Comate,https://ai-bot.cn/wp-content/uploads/2023/08/baidu-comate-website.jpeg,百度推出的AI编程助手，基于文心大模型,AI编程工具,,AI编程工具,,https://comate.baidu.com/?utm_source=ai-bot.cn,,,,
https://ai-bot.cn/sites/4080.html,钉钉·个人版,https://ai-bot.cn/wp-content/uploads/2023/08/dingtalk-personal-ai-website.png,钉钉推出的个人版办公应用程序，内置AI智能助手，可进行AI创作、AI对话、AI绘画,AI办公工具,,"AI对话工具,热门AI办公工具",,https://workspace.dingtalk.com/welcome?utm_source=ai-bot.cn,,,,
https://ai-bot.cn/sites/4055.html,iFlyCode,https://ai-bot.cn/wp-content/uploads/2023/08/iflycode-website.jpeg,科大讯飞推出的智能编程助手,AI编程工具,,AI编程工具,,https://iflycode.xfyun.cn/?utm_source=ai-bot.cn,,,,
https://ai-bot.cn/sites/4009.html,简单AI,https://ai-bot.cn/wp-content/uploads/2023/08/ai-sohu-website.jpeg,搜狐最新推出的AI图片生成平台,AI图像工具,,"AI图片插画生成,常用AI图像工具",,https://ai.sohu.com/search?_trans_=000019_aidhlltj,,,,
https://ai-bot.cn/sites/4004.html,Motiff,https://ai-bot.cn/wp-content/uploads/2023/08/motiff-website.jpeg,猿辅导旗下公司推出的AI设计工具,AI设计工具,,AI设计工具,,https://motiff.com/?utm_source=ai-bot.cn,,,,
https://ai-bot.cn/sites/3969.html,Label Studio,https://ai-bot.cn/wp-content/uploads/2023/08/label-studio-website.jpeg,免费开源的数据标注工具,AI开发框架,,AI开发框架,,https://labelstud.io/,,,,
https://ai-bot.cn/sites/3973.html,Stable Chat,https://ai-bot.cn/wp-content/uploads/2023/08/stable-chat-website.jpeg,Stability AI 最新推出的免费聊天对话网站,AI对话工具,,AI对话工具,,https://research.stability.ai/chat,,,,
https://ai-bot.cn/sites/3921.html,云一朵,https://ai-bot.cn/wp-content/uploads/2023/08/baidu-aipan-website.jpeg,百度网盘最新推出的智能助理,AI办公工具,,"AI效率提升,AI文档工具",,https://pan.baidu.com/aipan/welcome,,,,
https://ai-bot.cn/sites/3713.html,Vectorizer.AI,https://ai-bot.cn/wp-content/uploads/2023/08/vectorizer-ai-website.jpeg,AI一键将位图转换为矢量图片,AI设计工具,,AI设计工具,,https://vectorizer.ai/?utm_source=ai-bot.cn,,,,
https://ai-bot.cn/sites/3674.html,司马阅AI文档,https://ai-bot.cn/wp-content/uploads/2023/07/smartread-website.jpeg,AI文档阅读分析工具,AI办公工具,,AI文档工具,,https://smartread.cc?utm_source=ai-bot.cn,,,,
https://ai-bot.cn/sites/3632.html,模袋云AI,https://ai-bot.cn/wp-content/uploads/2023/07/modaiyun-ai-website.jpeg,建筑AI创作平台，专注于大型建筑、小型住宅、室内设计、景观的出图和AI模型训练,AI设计工具,,AI设计工具,,https://www.modaiyun.com/mdy/ai?utm_source=ai-bot.cn,,,,
https://ai-bot.cn/sites/3529.html,Stable Doodle,https://ai-bot.cn/wp-content/uploads/2023/07/stable-doodle-website.png,StabilityAI最新推出的将手绘草图转换成精美图像的工具,AI图像工具,,"AI图片插画生成,常用AI图像工具",,https://clipdrop.co/stable-doodle,,,,
https://ai-bot.cn/sites/3488.html,Craft AI Assistant,https://ai-bot.cn/wp-content/uploads/2023/07/craft-do-website.png,在线文档工具Craft推出的AI文档和创作助手,AI办公工具,,AI文档工具,,https://www.craft.do/?utm_source=ai-bot.cn,,,,
https://ai-bot.cn/sites/3448.html,笔灵AI写作,https://ai-bot.cn/wp-content/uploads/2023/07/ibiling-ai-website.png,面向专业写作领域的AI写作工具,AI写作工具,,AI写作工具,,https://ibiling.cn/?from=ai-bot,,,,
https://ai-bot.cn/sites/3433.html,Fabrie AI,https://ai-bot.cn/wp-content/uploads/2023/07/fabrie-website.jpg,在线白板协作平台Fabrie推出的AI设计助手，支持多种渲染模式,AI设计工具,,AI设计工具,,https://kebuxi.datasink.sensorsdata.cn/r/dF,,,,
https://ai-bot.cn/sites/3403.html,魔搭GPT（ModelScopeGPT）,https://ai-bot.cn/wp-content/uploads/2023/07/modelscopegpt-website.png,阿里达摩院推出的大小模型协同的智能助手，具备作诗、绘画、视频生成、语音播放等多模态能力,AI对话工具,,AI对话工具,,https://www.modelscope.cn/studios/damo/ModelScopeGPT,,,,
https://ai-bot.cn/sites/3400.html,通义万相,https://ai-bot.cn/wp-content/uploads/2023/07/tongyi-wanxiang-website.jpeg,阿里最新推出的AI绘画创作模型,AI图像工具,,"AI图片插画生成,常用AI图像工具",,https://wanxiang.aliyun.com/?utm_source=ai-bot.cn,,,,
https://ai-bot.cn/sites/3382.html,堆友AI反应堆,https://ai-bot.cn/wp-content/uploads/2023/07/d-design-ai-website.jpeg,阿里旗下堆友推出的多风格AI绘画生成器,AI图像工具,,"AI图片插画生成,常用AI图像工具",,https://d.design/ai?utm_source=ai-bot.cn,,,,
https://ai-bot.cn/sites/3171.html,Recraft AI,https://ai-bot.cn/wp-content/uploads/2023/06/recraft-ai-website.jpeg,免费无限AI画板，生成高质量矢量艺术画、图标、3D图片和插画,AI设计工具,,AI设计工具,,https://www.recraft.ai/?ref=ai-bot.cn,,,,
https://ai-bot.cn/sites/3051.html,Quest AI,https://ai-bot.cn/wp-content/uploads/2023/06/quest-ai-website.jpeg,AI将设计稿生成React代码，支持JavaScript和TypeScript,AI编程工具,,AI编程工具,,https://www.quest.ai/?utm_source=ai-bot.cn,,,,
https://ai-bot.cn/sites/3044.html,网易见外,https://ai-bot.cn/wp-content/uploads/2023/06/jianwai-website.jpg,网易推出的AI智能翻译平台，支持音视频、文档、图片、字幕等翻译,AI语言翻译,,AI语言翻译,,https://sight.youdao.com/?utm_source=ai-bot.cn,,,,
https://ai-bot.cn/sites/3043.html,快剪辑,https://ai-bot.cn/wp-content/uploads/2023/06/kuaijianji-website.jpg,360旗下的AI视频剪辑工具，AI成片、AI数字人、智能添加字幕、去水印等,AI视频工具,,AI视频工具,,https://www.kuaijianji.com/?ref=ai-bot.cn,,,,
https://ai-bot.cn/sites/3013.html,Vercel AI SDK,https://ai-bot.cn/wp-content/uploads/2023/06/vercel-ai-sdk-website.png,Vercel开源的搭建AI聊天机器人的开发套件，支持React/Svelte/Vue等框架,AI开发框架,,AI开发框架,,https://sdk.vercel.ai/docs?utm_source=ai-bot.cn,,,,
https://ai-bot.cn/sites/3006.html,LogoliveryAI,https://ai-bot.cn/wp-content/uploads/2023/06/logoliveryai-website.png,免费的AI Logo生成器，提供SVG矢量格式,AI设计工具,,AI设计工具,,https://logolivery.ai/?utm_source=ai-bot.cn,,,,
https://ai-bot.cn/sites/2976.html,WHEE,https://ai-bot.cn/wp-content/uploads/2023/06/whee-website.png,美图最新推出的AI图片和绘画创作生成平台,AI图像工具,,"AI图片插画生成,常用AI图像工具",,https://www.whee.com/?utm_source=ai-bot.cn,,,,
https://ai-bot.cn/sites/2957.html,Coda AI,https://ai-bot.cn/wp-content/uploads/2023/06/coda-ai-website.png,在线协作平台Coda推出的AI写作和文档助手，类似于Notion AI,AI办公工具,,"AI写作工具,AI文档工具",,https://coda.io/product/ai?utm_source=ai-bot.cn,,,,
https://ai-bot.cn/sites/2940.html,Verse,https://ai-bot.cn/wp-content/uploads/2023/06/verse-ai-website.png,印象笔记旗下团队推出的AI写作和文档工具,AI写作工具,,AI写作工具,,https://verse.app.yinxiang.com/product/?utm_source=ai-bot.cn,,,,
https://ai-bot.cn/sites/2921.html,象寄翻译,https://ai-bot.cn/wp-content/uploads/2023/06/xiangjifanyi-website.png,AI图片和视频翻译神器，支持多种语言的翻译,AI语言翻译,,AI语言翻译,,https://www.xiangjifanyi.com/console/register-invite/741be04feb30bf16,,,,
https://ai-bot.cn/sites/2906.html,网易云音乐·X Studio,https://ai-bot.cn/wp-content/uploads/2023/06/xstudio-music-163-website.png,网易云音乐与小冰智能联合推出的免费AI歌手音乐创作软件,AI音频工具,,AI音频工具,,https://xstudio.music.163.com/?utm_source=ai-bot.cn,,,,
https://ai-bot.cn/sites/2891.html,Framer AI,https://ai-bot.cn/wp-content/uploads/2023/06/framer-ai-website.png,Framer推出的AI网站自动设计、生成和上线,AI设计工具,,AI设计工具,,https://www.framer.com/ai?utm_source=ai-bot.cn,,,,
https://ai-bot.cn/sites/2852.html,创意应用空间 - 百度文心,https://ai-bot.cn/wp-content/uploads/2023/06/baidu-creativespace-website.png,百度推出的AI工具箱大全，文本生成、文生图、智能对话等,常用AI工具,,常用AI工具,,https://wenxin.baidu.com/younger/creativeSpace?utm_source=ai-bot.cn,,,,
https://ai-bot.cn/sites/2818.html,提示工程指南,https://ai-bot.cn/wp-content/uploads/2023/06/prompt-engineering-guide-website.png,免费开源的提示工程指南，GitHub标星超3万,AI提示指令,,AI提示指令,,https://www.promptingguide.ai/zh,,,,
https://ai-bot.cn/sites/2803.html,行者AI美术,https://ai-bot.cn/wp-content/uploads/2023/06/xingzhe-ai-website.png,AI图片生成和美术创作工具箱,AI图像工具,,"AI图片插画生成,常用AI图像工具",,https://xingzheai.cn/#create?utm_source=ai-bot.cn,,,,
https://ai-bot.cn/sites/2780.html,Realibox AI,https://ai-bot.cn/wp-content/uploads/2023/06/realibox-ai-website.png,AI免费将草图/模型生成3D渲染图,AI设计工具,,AI设计工具,,https://www.realibox.com/product/ai?utm_source=ai-bot.cn,,,,
https://ai-bot.cn/sites/2771.html,TigerBot,https://ai-bot.cn/wp-content/uploads/2023/06/tigerbot-website.png,虎博科技推出的AI对话聊天机器人，基于TigerBot开源大模型,AI对话工具,,AI对话工具,,https://tigerbot.com/?utm_source=ai-bot.cn,,,,
https://ai-bot.cn/sites/2762.html,Freepik AI Image Generator,https://ai-bot.cn/wp-content/uploads/2023/06/freepik-ai-image-generator-website.png,Freepik最新推出的AI图片生成工具,AI图像工具,,"AI图片插画生成,常用AI图像工具",,https://cn.bing.com/search?q=Freepik AI Image Generator&ensearch=1,,,,
https://ai-bot.cn/sites/2733.html,MasterGo AI,https://ai-bot.cn/wp-content/uploads/2023/06/mastergo-ai-ui-design.jpeg,国产产品设计工具MasterGo推出的智能UI设计助手,AI设计工具,,AI设计工具,,https://mastergo.com/upcoming-ai/apply?utm_source=ai-bot.cn,,,,
https://ai-bot.cn/sites/2691.html,CodeArts Snap,https://ai-bot.cn/wp-content/uploads/2023/06/codearts-snap-website.png,华为云推出的智能编程助手,AI编程工具,,AI编程工具,,https://www.huaweicloud.com/lab/paas/codeartssnap.html,,,,
https://ai-bot.cn/sites/2676.html,175FUN,https://ai-bot.cn/wp-content/uploads/2023/06/175ai-website.jpeg,免费AI绘画社区，国货之光,AI图像工具,,常用AI图像工具,,https://175.fun/?refer=ai-bot.cn,,,,
https://ai-bot.cn/sites/2670.html,度加创作工具,https://ai-bot.cn/wp-content/uploads/2023/06/aigc-baidu-website.png,百度官方出品的AIGC创作平台,AI写作工具,,"AI写作工具,AI视频工具",,https://aigc.baidu.com/?utm_source=ai-bot.cn,,,,
https://ai-bot.cn/sites/2648.html,墨刀AI,https://ai-bot.cn/wp-content/uploads/2023/05/modao-ai-website.png,墨刀推出的AI产品原型设计助手,AI设计工具,,AI设计工具,,https://modao.cc/feature/ai.html?utm_source=ai-bot.cn,,,,
https://ai-bot.cn/sites/2644.html,爱设计PPT,https://ai-bot.cn/wp-content/uploads/2023/05/isheji-ppt-website.png,AI快速生成高质量PPT,AI办公工具,,AI幻灯片和演示,,https://ppt.isheji.com/?utm_type=AI工具集&utm_source=ai-bot&utm_page=aippt&utm_plan=ppt&utm_unit=ai-bot&utm_keyword=129323,,,,
https://ai-bot.cn/sites/2642.html,ACE Studio,https://ai-bot.cn/wp-content/uploads/2023/05/ace-sutdio-website.png,AI歌声合成工具，输入歌词与旋律即可生成宛如真人的歌声,AI音频工具,,AI音频工具,,https://ace-studio.timedomain.cn,,,,
https://ai-bot.cn/sites/2625.html,Leap,https://ai-bot.cn/wp-content/uploads/2023/05/tryleap-ai-website.png,将AI快速集成到你自己的应用中,AI开发框架,,AI开发框架,,https://www.tryleap.ai/?utm_source=ai-bot.cn,,,,
https://ai-bot.cn/sites/2621.html,亿图脑图,https://ai-bot.cn/wp-content/uploads/2023/05/mindmaster-website.png,亿图脑图AI思维导图助手,AI办公工具,,AI思维导图,,https://www.edrawsoft.cn/mindmaster/?AI-bot,,,,
https://ai-bot.cn/sites/2613.html,Cody,https://ai-bot.cn/wp-content/uploads/2023/05/sourcegraph-cody-website.png,Sourcegraph推出的免费AI编程工具,AI编程工具,,AI编程工具,,https://about.sourcegraph.com/cody?utm_source=ai-bot.cn,,,,
https://ai-bot.cn/sites/2610.html,Boxy,https://ai-bot.cn/wp-content/uploads/2023/05/codesandbox-boxy-website.png,CodeSandbox推出的AI编程助手,AI编程工具,,AI编程工具,,https://codesandbox.io/blog/meet-boxy-ai-coding-assistant,,,,
https://ai-bot.cn/sites/2599.html,万彩微影,https://ai-bot.cn/wp-content/uploads/2023/05/animiz-microvideo-website.png,AI智能自动生成动画短视频,AI视频工具,,AI视频工具,,https://www.animiz.cn/microvideo/?utm_source=ai-bot.cn,,,,
https://ai-bot.cn/sites/2576.html,GoProd,https://ai-bot.cn/wp-content/uploads/2023/05/icons8-goprod-website.png,Icons8推出的智能图片背景移除和无损放大二合一Mac应用,AI图像工具,,"AI图片无损放大,AI图片背景移除",,https://icons8.com/goprod?utm_source=ai-bot.cn,,,,
https://ai-bot.cn/sites/2571.html,Skybox AI,https://ai-bot.cn/wp-content/uploads/2023/05/blockade-labs-skybox-ai.png,AI生成和合成360°全景图像插画,AI图像工具,,"AI图片插画生成,常用AI图像工具",,https://skybox.blockadelabs.com/?utm_source=ai-bot.cn,,,,
https://ai-bot.cn/sites/2526.html,Zapier AI,https://ai-bot.cn/wp-content/uploads/2023/05/zapier-ai-website.png,Zapier推出的AI自动化集成功能,AI办公工具,,AI效率提升,,https://zapier.com/ai?utm_source=ai-bot.cn,,,,
https://ai-bot.cn/sites/2512.html,美间,https://ai-bot.cn/wp-content/uploads/2023/05/meijian-website.png,AI软装设计、海报和提案生成工具,AI设计工具,,AI设计工具,,https://www.meijian.com/?utm_source=ai-bot.cn,,,,
https://ai-bot.cn/sites/2515.html,图宇宙,https://ai-bot.cn/wp-content/uploads/2023/05/tuyuzhou-website.png,高品质AI智能设计平台,AI设计工具,,AI设计工具,,https://www.nolibox.com/introduction?ref=ai-bot.cn,,,,
https://ai-bot.cn/sites/2505.html,画宇宙,https://ai-bot.cn/wp-content/uploads/2023/05/creator-nolibox-website.jpeg,人工智能AI作画网站,AI图像工具,,"AI图片插画生成,常用AI图像工具",,https://creator.nolibox.com/?utm_source=ai-bot.cn,,,,
https://ai-bot.cn/sites/2462.html,Dora AI,https://ai-bot.cn/wp-content/uploads/2023/05/dora-ai-website.png,AI在线生成精美3D动画的网站,AI设计工具,,AI设计工具,,https://www.dora.run/ai?ref=ai-bot.cn,,,,
https://ai-bot.cn/sites/2452.html,Cohere,https://ai-bot.cn/wp-content/uploads/2023/05/cohere-ai-website.png,构建AI产品的大语言模型平台,AI训练模型,,AI训练模型,,https://cohere.com/,,,,
https://ai-bot.cn/sites/2433.html,美图AI文生图,https://ai-bot.cn/wp-content/uploads/2023/05/meitu-ai-text-to-image-website.png,美图推出的AI文本生成图片的工具,AI图像工具,,"AI图片插画生成,常用AI图像工具",,https://design.meitu.com/aigc/text-to-image?from=ai-bot.cn,,,,
https://ai-bot.cn/sites/2405.html,悦音配音,https://ai-bot.cn/wp-content/uploads/2023/05/yueyin-zhipianbang-website.png,AI智能在线配音语音合成工具,AI音频工具,,AI音频工具,,https://yueyin.zhipianbang.com?utm_source=ai-bot.cn,,,,
https://ai-bot.cn/sites/2404.html,爱创作,https://ai-bot.cn/wp-content/uploads/2023/05/ai-zaker-website.jpeg,ZAKER新闻推出的AI写作工具,AI写作工具,,AI写作工具,,https://ai.zaker.cn/,,,,
https://ai-bot.cn/sites/2400.html,美图设计室-AI设计,https://ai-bot.cn/wp-content/uploads/2023/05/meitu-ai-poster-website.png,AI图像创作和设计平台,AI设计工具,,AI设计工具,,https://www.x-design.com/?channel=10026,,,,
https://ai-bot.cn/sites/2388.html,万彩AI,https://ai-bot.cn/wp-content/uploads/2023/05/ai-kezhan365-website.png,全能型AI内容和文案创作助手,AI写作工具,,AI写作工具,,https://ai.kezhan365.com/inviteCode/FwJFxy,,,,
https://ai-bot.cn/sites/2382.html,造梦日记,https://ai-bot.cn/wp-content/uploads/2023/05/printidea-art-website.png,AI一下，妙笔生画,AI图像工具,,"AI图片插画生成,常用AI图像工具",,https://www.printidea.art/?utm_source=ai-bot.cn,,,,
https://ai-bot.cn/sites/2342.html,6pen Art,https://ai-bot.cn/wp-content/uploads/2023/05/6pen-art-website.png,面包多团队推出的从文本描述生成绘画艺术作品,AI图像工具,,"AI图片插画生成,常用AI图像工具",,https://6pen.art/?utm_source=ai-bot.cn,,,,
https://ai-bot.cn/sites/2333.html,Let's Enhance,https://ai-bot.cn/wp-content/uploads/2023/05/lets-enhance-website.png,AI在线免费放大图片并保持图像质量,AI图像工具,,AI图片无损放大,,https://letsenhance.io/?utm_source=ai-bot.cn,,,,
https://ai-bot.cn/sites/2325.html,Imgcook,https://ai-bot.cn/wp-content/uploads/2023/05/imgcook-website.png,阿里推出的免费设计稿智能生成前端代码,AI编程工具,,AI编程工具,,https://www.imgcook.com/,,,,
https://ai-bot.cn/sites/2304.html,Jenni,https://ai-bot.cn/wp-content/uploads/2023/05/jenni-ai-website.png,AI研究文章和博客写作辅助工具,AI写作工具,,AI写作工具,,https://cn.bing.com/search?q=Jenni&ensearch=1,,,,
https://ai-bot.cn/sites/2305.html,绘AI,https://ai-bot.cn/wp-content/uploads/2023/05/ai016-website.png,AI绘画提示词分享平台,AI提示指令,,AI提示指令,,https://www.ai016.com/,,,,
https://ai-bot.cn/sites/2240.html,Watsonx.ai,https://ai-bot.cn/wp-content/uploads/2023/05/watsonx-ai-website.png,IBM推出的企业级生成式人工智能和机器学习平台,AI训练模型,,AI训练模型,,https://www.ibm.com/products/watsonx-ai,,,,
https://ai-bot.cn/sites/2235.html,Vizcom,https://ai-bot.cn/wp-content/uploads/2023/05/vizcom-ai-website.png,AI渲染转化手绘图为产品设计图,AI设计工具,,AI设计工具,,https://www.vizcom.ai/,,,,
https://ai-bot.cn/sites/2222.html,无限画,https://ai-bot.cn/wp-content/uploads/2023/05/588ku-ai-website.png,千库网推出的AI图片插画生成工具,AI图像工具,,AI图片插画生成,,https://588ku.com/ai/wuxianhua/Home?ref=ai-bot.cn,,,,
https://ai-bot.cn/sites/2210.html,HeyGen,https://ai-bot.cn/wp-content/uploads/2023/05/heygen-website.jpeg,AIGC 视频创建平台，生成吸引人的商业视频,AI视频工具,,AI视频工具,,https://cn.bing.com/search?q=HeyGen&ensearch=1,,,,
https://ai-bot.cn/sites/2198.html,百度AI伙伴,https://ai-bot.cn/wp-content/uploads/2023/05/chat-baidu-website.png,百度最新上线的AI搜索对话工具,AI对话工具,,AI对话工具,,https://chat.baidu.com/,,,,
https://ai-bot.cn/sites/2192.html,JamGPT,https://ai-bot.cn/wp-content/uploads/2023/05/jamgpt-website.png,AI Debug调试助手,AI编程工具,,AI编程工具,,https://jam.dev/jamgpt,,,,
https://ai-bot.cn/sites/2195.html,Cohesive,https://ai-bot.cn/wp-content/uploads/2023/05/cohesive-website.png,人工智能文案内容创作和编辑工具,AI写作工具,,AI写作工具,,https://cn.bing.com/search?q=Cohesive&ensearch=1,,,,
https://ai-bot.cn/sites/2179.html,印象图记,https://ai-bot.cn/wp-content/uploads/2023/05/yinxiang-tuji-website.png,印象AI加持的在线思维导图工具,AI办公工具,,AI思维导图,,https://www.yinxiang.com/product/evermind/,,,,
https://ai-bot.cn/sites/2160.html,Beatoven.ai,https://ai-bot.cn/wp-content/uploads/2023/05/beatoven-ai-website.png,免版税AI音乐创建平台,AI音频工具,,AI音频工具,,https://www.beatoven.ai/,,,,
https://ai-bot.cn/sites/2155.html,Playform,https://ai-bot.cn/wp-content/uploads/2023/05/playform-website.png,专业的高质量AI艺术画生成平台,AI图像工具,,AI图片插画生成,,https://cn.bing.com/search?q=Playform&ensearch=1,,,,
https://ai-bot.cn/sites/2147.html,Gradio,https://ai-bot.cn/wp-content/uploads/2023/05/gradio-website.jpeg,开源的搭建机器学习模型UI界面的Python库,AI训练模型,,AI训练模型,,https://gradio.app/,,,,
https://ai-bot.cn/sites/2141.html,DeepFloyd IF,https://ai-bot.cn/wp-content/uploads/2023/05/deepfloyd-if-website.png,StabilityAI旗下的DeepFloyd团队推出的图片生成模型,AI训练模型,,AI训练模型,,https://deepfloyd.ai/deepfloyd-if,,,,
https://ai-bot.cn/sites/2130.html,Civitai,https://ai-bot.cn/wp-content/uploads/2023/05/civitai-website.jpeg,AI艺术生成社区和模型共享中心,AI训练模型,,AI训练模型,,https://civitai.com/,,,,
https://ai-bot.cn/sites/2127.html,Hocoos,https://ai-bot.cn/wp-content/uploads/2023/05/hocoos-website.jpeg,无代码AI智能在线快速创建网站,AI编程工具,,AI编程工具,,https://hocoos.com/,,,,
